project,arm,op,selected_kernel,selected_kernel_file,real_cuda,kernel_status,unique_cases,trace_calls,eager_weighted_ms,forge_weighted_ms,speedup_vs_eager,mixed_choice,torch_missing_entries,kernel_missing_entries,weighted_eager_avg_ms_per_call,weighted_forge_avg_ms_per_call,profile_kernel_median_ms,runtime_responsibility
qwen35a3b-bf16-gb10-unique,optimize_50,torch_nn_functional_conv1d,/home/gb10/Projects/Kernal-Forge/CGinS/kernels/projects/qwen35a3b-bf16-gb10-unique/trees/torch_nn_functional_conv1d/kernels/kernel_1.cu,kernel_1.cu,yes,ok,1,30,1.2724704265594484,0.9852288007736206,1.2915481414675252,forge,,,0.04241568088531495,0.032840960025787354,0.032840960025787354,0.003979364178101169
qwen35a3b-bf16-gb10-unique,optimize_50,torch_nn_functional_embedding,/home/gb10/Projects/Kernal-Forge/CGinS/kernels/projects/qwen35a3b-bf16-gb10-unique/trees/torch_nn_functional_embedding/kernels/kernel_49.cu,kernel_49.cu,yes,ok,1,1,0.006649600267410278,0.005843520164489746,1.1379442665089048,forge,,,0.006649600267410278,0.005843520164489746,0.005843520164489746,2.0795124625702397e-05
qwen35a3b-bf16-gb10-unique,optimize_50,torch_nn_functional_grouped_mm,/home/gb10/Projects/Kernal-Forge/CGinS/kernels/projects/qwen35a3b-bf16-gb10-unique/trees/torch_nn_functional_grouped_mm/kernels/kernel_25.cu,kernel_25.cu,yes,ok,2,80,294.8669677734375,478.8676879882812,0.6157587474990659,torch,,,3.685837097167969,5.985846099853515,5.985846099853515,0.922129917027278
qwen35a3b-bf16-gb10-unique,optimize_50,torch_nn_functional_linear,/home/gb10/Projects/Kernal-Forge/CGinS/kernels/projects/qwen35a3b-bf16-gb10-unique/trees/torch_nn_functional_linear/kernels/kernel_50.cu,kernel_50.cu,yes,ok,10,391,15.683481426239013,43.20663271903992,0.36298782013919245,torch,,,0.040111205693705916,0.11050289697964175,0.03101711988449097,0.049046549823745414
qwen35a3b-bf16-gb10-unique,optimize_50,torch_nn_functional_pad,/home/gb10/Projects/Kernal-Forge/CGinS/kernels/projects/qwen35a3b-bf16-gb10-unique/trees/torch_nn_functional_pad/kernels/kernel_26.cu,kernel_26.cu,yes,ok,2,150,1.2777599751949311,2.0331840276718136,0.6284526918392558,torch,,,0.008518399834632874,0.013554560184478757,0.012328160107135772,0.0039959060480881025
qwen35a3b-bf16-gb10-unique,optimize_50,torch_nn_functional_sigmoid,/home/gb10/Projects/Kernal-Forge/CGinS/kernels/projects/qwen35a3b-bf16-gb10-unique/trees/torch_nn_functional_sigmoid/kernels/kernel_12.cu,kernel_12.cu,yes,ok,1,40,0.18808319568634033,0.19248640537261963,0.9771245679519265,torch,,,0.004702079892158508,0.00481216013431549,0.00481216013431549,0.0005881877612202788
qwen35a3b-bf16-gb10-unique,optimize_50,torch_nn_functional_silu,/home/gb10/Projects/Kernal-Forge/CGinS/kernels/projects/qwen35a3b-bf16-gb10-unique/trees/torch_nn_functional_silu/kernels/kernel_25.cu,kernel_25.cu,yes,ok,4,140,3.6053312540054323,0.9522720158100129,3.786030875787837,forge,,,0.025752366100038802,0.0068019429700715206,0.0066494402289390565,0.011274860101204492
qwen35a3b-bf16-gb10-unique,optimize_50,torch_nn_functional_softmax,/home/gb10/Projects/Kernal-Forge/CGinS/kernels/projects/qwen35a3b-bf16-gb10-unique/trees/torch_nn_functional_softmax/kernels/kernel_25.cu,kernel_25.cu,yes,ok,2,50,2.0893408775329587,0.2952415943145752,7.076715875293639,forge,,,0.041786817550659175,0.005904831886291504,0.0060505598783493035,0.006533942220077746
qwen35a3b-bf16-gb10-unique,optimize_50,torch_nn_functional_softplus,/home/gb10/Projects/Kernal-Forge/CGinS/kernels/projects/qwen35a3b-bf16-gb10-unique/trees/torch_nn_functional_softplus/kernels/kernel_21.cu,kernel_21.cu,yes,ok,1,30,0.7771872282028198,0.1366463989019394,5.687579288207568,forge,,,0.025906240940093993,0.00455487996339798,0.00455487996339798,0.002430477715659156
